sst_mean,sst_max,sst_min,sst_std,par_mean,par_max,par_min,par_std,kd_490_mean,kd_490_max,kd_490_min,kd_490_std,month_sin,month_cos,co2_ppm,time,month,pred_chlor_a_mean,pred_poc_mean,bleaching_risk,bio_demand,bio_supply
28.86294,33.6436,26.57445,0.9044928,44.893383,58.110012,29.352163,4.2520084,0.048957203,3.9591596,0.017588573,0.10254319,0.8660254037844386,0.5000000000000001,419.91913,2026-02-28 00:45:01.884,2,0.33106118,67.41709,0,1.3070315805404842,1.9262027
28.782024,33.52731,26.128012,0.8883434,43.97027,54.832993,28.822878,3.7750142,0.046397075,4.032057,0.017910715,0.08699276,1.0,6.123233995736766e-17,419.44128,2026-03-31 00:45:01.884,3,0.3074071,65.472824,0,1.2997213914647248,1.8706521
28.189425,32.67294,24.669832,1.0776058,39.046944,49.07777,26.515316,3.5511222,0.04696146,4.7778926,0.018063731,0.090159684,0.8660254037844387,-0.4999999999999998,423.90442,2026-04-30 00:45:01.884,4,0.31821048,71.864655,0,1.2474158539632998,2.0532758
27.153067,31.39898,22.185955,1.2390182,33.879375,44.92908,24.80727,3.3284383,0.04498183,5.080051,0.01809167,0.08224474,0.49999999999999994,-0.8660254037844387,427.64246,2026-05-31 00:45:01.884,5,0.2812945,67.14459,0,1.160950692616508,1.918417
26.38655,30.296288,19.869497,1.4196122,31.76065,43.039806,24.2785,2.915644,0.043334175,4.4216185,0.018508773,0.07002801,1.2246467991473532e-16,-1.0,427.6049,2026-06-30 00:45:01.884,6,0.26381344,64.88245,0,1.1008783072283805,1.8537842
25.929188,29.823603,19.083252,1.6036854,33.20758,45.298946,27.76094,2.4898446,0.04120255,2.8011384,0.019403784,0.051334277,-0.4999999999999997,-0.8660254037844388,427.17743,2026-07-31 00:45:01.884,7,0.24049892,59.70752,0,1.0665257512858615,1.7059292
26.256279,30.524565,19.848463,1.6031352,39.24895,49.902508,31.790379,2.4211202,0.039104443,1.6300308,0.019676086,0.038310956,-0.8660254037844385,-0.5000000000000004,426.84775,2026-08-31 00:45:01.884,8,0.22315669,59.669296,0,1.0909824544976878,1.7048371
26.913925,31.60789,21.442165,1.3631401,47.013073,54.708893,35.53155,2.3781378,0.03764304,1.6225048,0.019426826,0.03654652,-1.0,-1.8369701987210297e-16,425.67136,2026-09-30 00:45:01.884,9,0.1825248,53.49742,1,1.1418653210576921,1.5284977
27.571026,33.063854,23.691757,1.0596874,54.364872,60.14106,39.643574,2.786842,0.035959594,2.0966601,0.018670132,0.040998448,-0.8660254037844386,0.5000000000000001,421.5237,2026-10-31 00:45:01.884,10,0.19304751,50.7411,1,1.1950761919496393,1.4497458
28.50873,33.344803,25.301878,0.89866793,55.711388,62.86984,39.90055,3.1771994,0.03570193,1.7810316,0.018402843,0.035655975,-0.5000000000000004,0.8660254037844384,420.3577,2026-11-30 00:45:01.884,11,0.16750099,50.67824,1,1.2753321196433782,1.4479498
29.254969,33.870808,26.385088,0.78500086,53.610523,63.113865,34.95602,3.9165113,0.03770249,1.8208967,0.0176825,0.039910022,-2.4492935982947064e-16,1.0,419.5734,2026-12-31 00:45:01.884,12,0.20392543,54.09077,0,1.3430349977344953,1.5454506
29.32925,34.013615,26.659128,0.7219174,50.55907,61.4104,30.20916,4.327983,0.045504995,3.0574245,0.018149128,0.0780298,0.49999999999999994,0.8660254037844387,416.8779,2027-01-31 00:45:01.884,1,0.26796767,59.91125,0,1.3499678038202576,1.71175
29.346355,34.33421,27.097311,0.77780855,47.177795,58.361248,30.320797,3.8160777,0.049080998,4.122553,0.018615615,0.101537056,0.8660254037844386,0.5000000000000001,418.88635,2027-02-28 00:45:01.884,2,0.31983107,68.30617,0,1.3515693129978852,1.9516048
29.233377,34.1073,27.010971,0.7689887,46.58867,55.05407,31.097862,3.2955568,0.04629001,3.633792,0.01911179,0.079297185,1.0,6.123233995736766e-17,416.66742,2027-03-31 00:45:01.884,3,0.29780805,65.33438,0,1.341026456689315,1.8666966
28.51648,32.98748,25.487339,0.9268004,40.665485,48.13119,28.55233,3.011773,0.047011353,3.728677,0.01911758,0.07669356,0.8660254037844387,-0.4999999999999998,420.17294,2027-04-30 00:45:01.884,4,0.32549825,66.02584,0,1.2760173981577927,1.8864526
27.31498,31.478725,22.360909,1.0820234,35.258354,42.20125,25.082613,2.8581614,0.045448266,4.6549325,0.01939784,0.07237966,0.49999999999999994,-0.8660254037844387,423.3898,2027-05-31 00:45:01.884,5,0.28523523,67.834915,0,1.1740533766530152,1.9381404
26.075254,29.940062,20.118397,1.203303,34.37156,39.90208,25.246502,2.471379,0.04476258,5.157978,0.020604232,0.06772532,1.2246467991473532e-16,-1.0,423.83978,2027-06-30 00:45:01.884,6,0.27099362,67.267265,0,1.077378664011171,1.9219218
25.280497,28.623968,19.375034,1.2568519,33.625565,41.552658,27.596462,2.253533,0.044908978,4.3656015,0.02200892,0.05979837,-0.4999999999999997,-0.8660254037844388,422.3314,2027-07-31 00:45:01.884,7,0.27506313,67.419334,0,1.0196328081467936,1.9262667
24.79756,27.8664,20.399475,1.220855,38.452896,48.059944,31.887783,2.0948164,0.043045223,2.7548718,0.023166878,0.04654147,-0.8660254037844385,-0.5000000000000004,422.146,2027-08-31 00:45:01.884,8,0.25211704,63.566994,0,0.9860659191196749,1.8161998
25.36551,28.810368,22.701994,1.0192165,49.058167,55.01042,36.889324,2.350594,0.041449342,1.9351413,0.022948384,0.03579454,-1.0,-1.8369701987210297e-16,420.7108,2027-09-30 00:45:01.884,9,0.2258898,59.924767,0,1.0256588869374277,1.7121361
26.595766,30.315826,24.19298,0.81822467,55.61776,60.80342,39.50638,3.241286,0.03981316,1.28019,0.021311983,0.032155182,-0.8660254037844386,0.5000000000000001,417.43204,2027-10-31 00:45:01.884,10,0.20120218,57.39931,0,1.116959286411777,1.6399803
27.73657,31.497803,25.294647,0.7831496,56.2229,63.100243,40.504578,3.5464258,0.038418304,1.0135071,0.020191196,0.034547344,-0.5000000000000004,0.8660254037844384,413.60703,2027-11-30 00:45:01.884,11,0.1822049,53.574566,1,1.2088682338675911,1.5307019
28.905624,32.425537,26.32622,0.76932454,54.83269,63.77856,38.0271,3.7301235,0.03921097,1.7531213,0.019016162,0.043723453,-2.4492935982947064e-16,1.0,413.87775,2027-12-31 00:45:01.884,12,0.17848048,54.47488,1,1.310904328823241,1.5564251
29.09394,33.147438,26.69852,0.7501935,50.934063,61.63241,34.409348,4.036352,0.0444474,3.2638102,0.018733632,0.07970367,0.49999999999999994,0.8660254037844387,415.954,2028-01-31 00:45:01.884,1,0.25324097,60.472527,0,1.3281278205520366,1.7277864
29.270275,33.42815,26.914291,0.7220293,49.701584,59.330357,33.529102,3.7340684,0.045960564,3.6269765,0.019257007,0.08983733,0.8660254037844386,0.5000000000000001,415.9898,2028-02-29 00:45:01.884,2,0.28264698,62.8993,0,1.3444606214083281,1.7971228
29.19293,32.957306,26.80016,0.74027413,47.660736,55.149185,32.299145,3.366373,0.045454647,3.1875095,0.019616859,0.07552292,1.0,6.123233995736766e-17,414.63303,2028-03-31 00:45:01.884,3,0.27698964,63.571705,0,1.3372720572505092,1.8163344
28.371128,31.792,25.34241,0.87325466,41.03053,48.854324,29.194502,2.9436245,0.04617758,2.3630164,0.019426018,0.057442855,0.8660254037844387,-0.4999999999999998,417.0513,2028-04-30 00:45:01.884,4,0.29606414,67.90035,0,1.2632260258404857,1.9400101
26.926975,30.850252,22.412209,1.0369133,35.057137,43.9406,26.495163,2.765808,0.04583957,1.837803,0.01981586,0.04607911,0.49999999999999994,-0.8660254037844387,420.62918,2028-05-31 00:45:01.884,5,0.2906844,66.557594,0,1.142898670698966,1.9016455
25.66306,29.573198,19.992638,1.1392066,32.671326,40.539932,25.407154,2.4977915,0.04306073,1.6790838,0.020282665,0.036180444,1.2246467991473532e-16,-1.0,419.81702,2028-06-30 00:45:01.884,6,0.25928727,63.905365,0,1.0470323371632662,1.8258675
24.96257,29.45475,19.568817,1.2539176,34.13141,41.655197,27.377367,2.167632,0.04057119,1.4717456,0.020213898,0.03377109,-0.4999999999999997,-0.8660254037844388,423.0817,2028-07-31 00:45:01.884,7,0.23377536,59.45505,0,0.9974089127795706,1.6987158
25.153873,30.124733,20.158989,1.2091345,39.751556,47.765457,30.620977,2.156943,0.03814735,1.1455836,0.01952972,0.03170743,-0.8660254037844385,-0.5000000000000004,423.50354,2028-08-31 00:45:01.884,8,0.19768798,54.785778,1,1.0107227445564542,1.565308
25.591887,31.179193,21.59328,0.9750305,47.84364,53.303448,35.449196,2.4134805,0.036808472,1.759587,0.018337939,0.036605034,-1.0,-1.8369701987210297e-16,419.32056,2028-09-30 00:45:01.884,9,0.1853223,53.011364,1,1.0418796947025435,1.5146104
26.56018,32.24416,23.417892,0.804264,52.65861,57.89008,38.630825,2.6768343,0.036179975,1.9746796,0.018488506,0.03877673,-0.8660254037844386,0.5000000000000001,417.511,2028-10-31 00:45:01.884,10,0.1847046,51.239254,1,1.1142075523094321,1.4639786
27.95471,32.56559,24.914072,0.77911365,54.069386,61.24314,39.59942,3.1278949,0.03625675,1.7084287,0.018695245,0.03279251,-0.5000000000000004,0.8660254037844384,415.4656,2028-11-30 00:45:01.884,11,0.18580331,50.62623,1,1.2272855866315873,1.4464637
28.952599,33.07326,26.333036,0.801649,53.41651,62.839046,37.265553,3.5973558,0.037164286,1.359814,0.018317034,0.031455304,-2.4492935982947064e-16,1.0,414.5084,2028-12-31 00:45:01.884,12,0.19973941,51.539993,0,1.315179667104185,1.4725713
29.404882,33.66246,27.022785,0.7693166,52.257553,61.782295,33.175552,4.1398487,0.040046144,1.8960118,0.017841117,0.0442045,0.49999999999999994,0.8660254037844387,414.7685,2029-01-31 00:45:01.884,1,0.20556365,56.09413,0,1.357063472509431,1.6026895
28.74289,33.428116,26.839724,0.818447,46.954742,58.005898,30.168213,4.0247526,0.049723256,3.812843,0.018471904,0.101309836,0.8660254037844386,0.5000000000000001,416.33612,2029-02-28 00:45:01.884,2,0.34950292,74.59779,0,1.2962005937285936,2.1313655
28.682243,33.13559,26.75585,0.7606413,47.47834,54.216045,30.809254,3.393994,0.04580847,3.1002693,0.019124942,0.07268548,1.0,6.123233995736766e-17,411.84494,2029-03-31 00:45:01.884,3,0.2835267,65.18599,0,1.290763153559496,1.8624568
28.078646,32.472153,25.376526,0.91042113,42.128193,49.285812,29.065212,3.0902002,0.046939597,3.1924684,0.019085728,0.07340105,0.8660254037844387,-0.4999999999999998,416.40024,2029-04-30 00:45:01.884,4,0.32305688,70.98949,0,1.2378741082659763,2.028271
26.91686,31.113768,22.338242,1.080077,35.760597,43.586155,26.604382,2.8245087,0.0444609,3.147851,0.019085284,0.05767123,0.49999999999999994,-0.8660254037844387,418.0075,2029-05-31 00:45:01.884,5,0.27564588,66.82698,0,1.1420976442822879,1.9093423
25.725508,29.60189,19.805525,1.2490542,32.292217,40.28759,26.110758,2.3367958,0.04172392,2.6621888,0.019835735,0.04622742,1.2246467991473532e-16,-1.0,417.9616,2029-06-30 00:45:01.884,6,0.24499694,60.565067,0,1.0515743082470626,1.7304305
25.136866,28.963402,19.26151,1.3781779,34.273907,43.15934,28.440804,2.0792367,0.04004858,1.492591,0.020379998,0.03557509,-0.4999999999999997,-0.8660254037844388,419.15024,2029-07-31 00:45:01.884,7,0.23295125,58.984962,0,1.009531970796534,1.6852846
25.291174,29.419195,20.0718,1.2680413,39.737473,48.617508,31.456602,2.0312428,0.03856441,1.3435689,0.020265881,0.034592267,-0.8660254037844385,-0.5000000000000004,420.14008,2029-08-31 00:45:01.884,8,0.21387362,58.03531,0,1.0203876904071323,1.6581516
25.53901,30.223858,21.870892,0.9923305,48.33611,54.776463,35.738758,2.463893,0.037630174,2.139288,0.019561958,0.042309824,-1.0,-1.8369701987210297e-16,415.17615,2029-09-30 00:45:01.884,9,0.1831531,53.62175,1,1.0380680342397266,1.53205
26.728804,31.57288,23.585611,0.8616981,53.983284,60.126884,39.718964,2.9677613,0.036683492,2.0684302,0.019114638,0.041335125,-0.8660254037844386,0.5000000000000001,413.50208,2029-10-31 00:45:01.884,10,0.1966665,51.980423,1,1.127306954071053,1.485155
27.951715,32.233864,24.955921,0.8354891,54.288025,62.894436,40.695496,3.313554,0.036280338,1.4589155,0.018829104,0.033585314,-0.5000000000000004,0.8660254037844384,411.9101,2029-11-30 00:45:01.884,11,0.18580331,50.375423,1,1.2270308315573082,1.4392978
28.818188,32.73002,26.116364,0.8078309,53.19987,63.286964,37.99186,3.6929412,0.037134774,1.3419739,0.01829332,0.032548532,-2.4492935982947064e-16,1.0,410.99902,2029-12-31 00:45:01.884,12,0.18014318,51.787273,1,1.3029834866150227,1.4796364
29.00534,33.152115,26.654888,0.7101567,51.509834,61.102432,34.901764,3.6862135,0.042081624,2.3581748,0.018751586,0.058420617,0.49999999999999994,0.8660254037844387,411.49426,2030-01-31 00:45:01.884,1,0.22400768,59.17285,0,1.3199964046154518,1.6906528
28.902626,32.779884,26.64564,0.6402403,50.28586,57.81652,34.424137,3.3461833,0.04625624,3.0685854,0.02006038,0.080336966,0.8660254037844386,0.5000000000000001,410.42554,2030-02-28 00:45:01.884,2,0.29513192,64.13342,0,1.3106319439638363,1.8323835
28.929195,32.11505,26.328598,0.62478375,49.499695,55.0497,34.662502,2.9336638,0.045618363,2.6390753,0.020976666,0.06747134,1.0,6.123233995736766e-17,408.17505,2030-03-31 00:45:01.884,3,0.28077993,61.696095,0,1.3130478574787177,1.7627455
28.090717,31.07974,25.219193,0.71152866,43.636074,49.63396,32.75543,2.5606072,0.045613248,2.1018023,0.021074494,0.05257509,0.8660254037844387,-0.4999999999999998,411.0054,2030-04-30 00:45:01.884,4,0.2866037,66.02146,0,1.2389102684252453,1.8863275
26.841105,29.945148,22.778482,0.91296816,35.91088,44.858494,29.847668,2.4918332,0.045035794,1.721627,0.021176659,0.045216743,0.49999999999999994,-0.8660254037844387,413.78033,2030-05-31 00:45:01.884,5,0.28068885,66.90251,0,1.1361162797397537,1.9115003
25.52793,28.821571,20.300179,1.0298946,33.018375,40.802284,27.08021,2.442171,0.043330938,1.8404313,0.021511659,0.040774837,1.2246467991473532e-16,-1.0,413.19894,2030-06-30 00:45:01.884,6,0.26129982,64.25281,0,1.0372710967100012,1.8357944
24.666584,27.880278,19.657238,1.1264201,34.022778,41.697132,27.950445,2.305051,0.042233758,1.7334393,0.022403637,0.04004394,-0.4999999999999997,-0.8660254037844388,413.5966,2030-07-31 00:45:01.884,7,0.2386695,62.89446,0,0.977154369307357,1.7969846
24.54003,27.805473,20.455833,1.101334,40.25686,47.05179,30.761227,2.194025,0.040727664,1.3538511,0.023056783,0.035749413,-0.8660254037844385,-0.5000000000000004,413.56155,2030-08-31 00:45:01.884,8,0.21986999,59.011692,0,0.9686202034136226,1.6860484
24.732513,28.258698,22.166946,0.8948053,48.53313,53.27347,34.86561,2.4972348,0.03930614,1.2727473,0.022761503,0.032637496,-1.0,-1.8369701987210297e-16,411.61603,2030-09-30 00:45:01.884,9,0.20191665,58.690998,0,0.9816300370237687,1.6768856
25.576258,29.193277,23.588589,0.76148707,54.87838,59.137733,37.50086,3.0471594,0.039032586,1.1223862,0.021882469,0.026795369,-0.8660254037844386,0.5000000000000001,410.75024,2030-10-31 00:45:01.884,10,0.20204437,57.236893,0,1.0407516170192805,1.6353397
26.845444,30.420069,24.74482,0.76443803,55.962658,62.059113,40.181633,3.4571521,0.03846594,0.71422255,0.021265266,0.02669818,-0.5000000000000004,0.8660254037844384,409.62808,2030-11-30 00:45:01.884,11,0.18505427,55.287304,1,1.1364580255542494,1.5796373
27.741352,31.275486,25.577549,0.7908197,55.267006,62.88359,40.745255,3.6427827,0.038788572,0.54867685,0.021090975,0.027080242,-2.4492935982947064e-16,1.0,408.18652,2030-12-31 00:45:01.884,12,0.18014519,54.175556,1,1.2092689953520532,1.547873
28.538351,31.642996,26.03341,0.7235513,53.83634,62.908733,39.136925,3.4779472,0.040390685,1.139025,0.021303613,0.034529995,0.49999999999999994,0.8660254037844387,409.7506,2031-01-31 00:45:01.884,1,0.20639157,56.792473,0,1.277953284832621,1.622642
29.13928,32.13753,26.325483,0.6593771,50.468517,60.49695,36.64264,3.0861824,0.043580897,2.2498722,0.02173283,0.050711963,0.8660254037844386,0.5000000000000001,410.98288,2031-02-28 00:45:01.884,2,0.24168919,60.231537,0,1.332308332457797,1.720901
29.02093,31.838854,25.998034,0.6315477,48.19193,56.504745,35.397938,2.7977328,0.044745732,2.5317216,0.022211311,0.053516474,1.0,6.123233995736766e-17,411.9805,2031-03-31 00:45:01.884,3,0.269131,63.12962,0,1.3214235854288057,1.8037034
28.04823,31.177597,24.97309,0.643816,45.108006,50.768932,33.62915,2.5414596,0.044164646,1.9069997,0.022365456,0.04439535,0.8660254037844387,-0.4999999999999998,414.29248,2031-04-30 00:45:01.884,4,0.2714461,65.11109,0,1.2352670765550902,1.8603169
26.8291,30.23277,23.47932,0.7729007,39.759712,46.661335,31.042055,2.4297805,0.04351266,1.2557666,0.022239689,0.03926175,0.49999999999999994,-0.8660254037844387,416.03784,2031-05-31 00:45:01.884,5,0.25958106,64.371025,0,1.1351712842674,1.8391721
25.692661,29.708933,21.501575,0.95364594,36.110615,43.558952,27.75095,2.3718305,0.0426846,0.920903,0.022097647,0.031477477,1.2246467991473532e-16,-1.0,416.27722,2031-06-30 00:45:01.884,6,0.25587264,63.44135,0,1.0491828277926414,1.81261
25.031918,29.373777,20.263765,1.1326609,35.959274,42.57576,26.177277,2.2896552,0.041721545,0.7553872,0.022094883,0.027620336,-0.4999999999999997,-0.8660254037844388,417.29672,2031-07-31 00:45:01.884,7,0.23981811,62.2081,0,1.0022148363052197,1.7773743
24.8052,29.31718,20.324827,1.1364402,40.27628,46.73921,27.473215,2.443612,0.040384036,0.5902628,0.022165129,0.027866498,-0.8660254037844385,-0.5000000000000004,416.40515,2031-08-31 00:45:01.884,8,0.20974469,57.623413,0,0.9865882428616363,1.6463833
24.914436,29.382647,21.376135,0.9715815,46.448605,51.92169,30.895891,2.6553154,0.0390776,0.9107507,0.021880804,0.030973166,-1.0,-1.8369701987210297e-16,412.5015,2031-09-30 00:45:01.884,9,0.20566969,57.683624,0,0.9940867082047085,1.6481036
25.83348,30.172144,23.085953,0.85885143,52.672512,57.804924,35.66349,2.9217386,0.038788654,1.3527956,0.021490151,0.033130713,-0.8660254037844386,0.5000000000000001,409.2256,2031-10-31 00:45:01.884,10,0.20323703,57.631435,0,1.0594738650839428,1.6466124
27.260529,31.395967,24.377516,0.88372874,54.98825,61.001347,38.616272,3.2486126,0.03900892,1.1225203,0.021348303,0.030806422,-0.5000000000000004,0.8660254037844384,409.38943,2031-11-30 00:45:01.884,11,0.18212184,55.20973,1,1.1696305506773386,1.5774208
28.127205,32.148323,25.16542,0.94146484,53.418377,60.83081,37.97735,3.379001,0.038834274,0.77690923,0.020861123,0.029113322,-2.4492935982947064e-16,1.0,408.9981,2031-12-31 00:45:01.884,12,0.19747211,55.074013,1,1.2420476308271258,1.5735432
28.736416,32.827003,26.060104,0.9624002,49.675144,59.73545,34.001347,3.7596042,0.038885787,0.94014436,0.019917134,0.033371992,0.49999999999999994,0.8660254037844387,408.55032,2032-01-31 00:45:01.884,1,0.18233168,55.791504,1,1.2956190626462016,1.594043
28.831913,33.07409,26.40186,0.9099436,47.58416,58.228855,30.582561,3.860894,0.040311728,1.2855093,0.019573534,0.04169158,0.8660254037844386,0.5000000000000001,409.0562,2032-02-29 00:45:01.884,2,0.2014643,57.577347,0,1.3042236626193127,1.6450671
28.50481,32.699722,26.232134,0.81773734,46.288597,54.983547,30.266058,3.2285616,0.042599365,1.8258336,0.020295786,0.05196003,1.0,6.123233995736766e-17,408.92276,2032-03-31 00:45:01.884,3,0.2507098,62.36458,0,1.274985641514637,1.7818451
27.962257,31.7387,24.801281,0.90494454,42.561535,50.833603,29.471203,2.7998774,0.04313192,1.478342,0.020553919,0.0474533,0.8660254037844387,-0.4999999999999998,411.80255,2032-04-30 00:45:01.884,4,0.26012102,63.627674,0,1.2279277699847795,1.8179336
26.623106,30.528835,21.973145,1.0721464,37.609093,45.92808,26.902523,2.619193,0.042396333,1.0368721,0.020654825,0.039237857,0.49999999999999994,-0.8660254037844387,413.17462,2032-05-31 00:45:01.884,5,0.2430717,62.56617,0,1.1190780031005827,1.7876048
25.806608,29.730349,19.904858,1.2192405,35.867886,42.84937,25.08973,2.4137805,0.04172113,0.97596526,0.02129678,0.03278907,1.2246467991473532e-16,-1.0,414.34473,2032-06-30 00:45:01.884,6,0.24463184,62.224606,0,1.0575022991803094,1.7778459
25.510307,29.515003,19.86653,1.2796383,37.36465,44.6325,26.28862,2.2515008,0.041154623,1.0513194,0.021758318,0.03134051,-0.4999999999999997,-0.8660254037844388,416.2859,2032-07-31 00:45:01.884,7,0.23513205,59.934372,0,1.0360048091125007,1.7124106
25.476595,29.478937,20.78926,1.1620966,42.499485,48.91426,29.802982,2.2044878,0.04020334,1.4344004,0.02191128,0.03368035,-0.8660254037844385,-0.5000000000000004,414.13947,2032-08-31 00:45:01.884,8,0.21042442,58.098736,0,1.0335867638090392,1.6599638
25.930332,30.271666,22.38239,1.0052273,49.668896,55.443024,34.8016,2.558525,0.039161813,2.317711,0.02121658,0.040958423,-1.0,-1.8369701987210297e-16,409.0373,2032-09-30 00:45:01.884,9,0.20366518,57.65625,0,1.066610325904955,1.6473215
26.860693,31.364138,23.807728,0.9521953,53.975433,60.980255,39.376328,2.898423,0.03874584,2.185164,0.020479394,0.03775163,-0.8660254037844386,0.5000000000000001,409.92172,2032-10-31 00:45:01.884,10,0.20466867,54.933487,0,1.1376598741654054,1.5695282
27.952034,32.145683,25.031578,0.95321935,54.472004,62.98443,40.53279,3.356095,0.03805762,1.4676986,0.019936038,0.03308898,-0.5000000000000004,0.8660254037844384,409.1231,2032-11-30 00:45:01.884,11,0.19113365,52.59776,1,1.227057963220734,1.5027931
28.694729,32.738186,26.045723,0.93692034,52.369762,63.055645,36.36654,3.9338672,0.03798874,0.8755348,0.01886842,0.03082157,-2.4492935982947064e-16,1.0,407.31665,2032-12-31 00:45:01.884,12,0.18061763,52.633556,1,1.2918807455937813,1.5038159
29.001509,33.26683,26.331242,0.8484306,50.26208,61.321575,32.06493,4.4138074,0.04024562,1.4110556,0.018352846,0.04120231,0.49999999999999994,0.8660254037844387,409.95377,2033-01-31 00:45:01.884,1,0.20031293,56.11429,0,1.3196459331211359,1.6032654
28.719944,33.14774,26.428907,0.7469077,48.733833,59.00344,31.557451,3.8489456,0.04523594,2.8142345,0.01919486,0.07252758,0.8660254037844386,0.5000000000000001,410.50208,2033-02-28 00:45:01.884,2,0.27843785,64.505936,0,1.294140631105498,1.8430268
28.717985,33.128708,26.558666,0.7692584,47.80974,55.29565,32.337833,3.2676642,0.045632567,3.0570705,0.019727997,0.07623415,1.0,6.123233995736766e-17,411.0356,2033-03-31 00:45:01.884,3,0.28246474,65.29938,0,1.2939649148725765,1.8656965
28.040504,32.077442,24.990463,0.9286801,42.12124,49.158504,29.397259,2.9457948,0.045980986,2.4326215,0.019743279,0.058003508,0.8660254037844387,-0.4999999999999998,412.80615,2033-04-30 00:45:01.884,4,0.29135707,67.47367,0,1.2346057366198397,1.9278191
26.648115,30.68522,21.610048,1.1386346,35.819885,43.38895,25.87934,2.804837,0.044586066,1.802254,0.020179147,0.04636476,0.49999999999999994,-0.8660254037844387,414.41144,2033-05-31 00:45:01.884,5,0.27376795,66.13154,0,1.1210195980076616,1.8894725
25.462744,29.098389,19.048,1.3291506,34.53909,41.458664,25.368752,2.249198,0.042761482,1.8557034,0.021563504,0.03802001,1.2246467991473532e-16,-1.0,415.12137,2033-06-30 00:45:01.884,6,0.25310543,63.94071,0,1.0325949159327827,1.8268774
25.167126,28.669605,19.159712,1.444494,37.406242,43.954784,27.454313,1.9865571,0.04253296,1.8960508,0.022822278,0.03341332,-0.4999999999999997,-0.8660254037844388,416.81845,2033-07-31 00:45:01.884,7,0.25216538,63.468475,0,1.0116516493214107,1.813385
25.299026,28.628649,20.496717,1.3160281,43.357124,49.431362,31.356722,2.004695,0.041589107,2.220208,0.023225881,0.03567289,-0.8660254037844385,-0.5000000000000004,415.44577,2033-08-31 00:45:01.884,8,0.2303206,61.99839,0,1.0209431969167313,1.7713826
25.844501,29.297333,22.452358,1.0668219,51.211594,56.439674,36.901676,2.4037538,0.04043988,2.8191233,0.022155514,0.042148203,-1.0,-1.8369701987210297e-16,413.38278,2033-09-30 00:45:01.884,9,0.21337298,57.405518,0,1.0602835249357194,1.6401577
26.751417,30.5615,23.846067,0.8974268,55.493446,60.436813,39.57062,2.9600024,0.03929953,2.2705405,0.021094179,0.038573142,-0.8660254037844386,0.5000000000000001,411.19656,2033-10-31 00:45:01.884,10,0.19430763,55.22973,1,1.1290752959564687,1.5779922
27.851183,31.571213,25.01123,0.85900086,53.90775,62.218353,40.34999,3.5500958,0.038353615,1.4809729,0.020090308,0.038409665,-0.5000000000000004,0.8660254037844384,407.28653,2033-11-30 00:45:01.884,11,0.19800015,53.490726,1,1.218510176574227,1.5283065
28.375423,32.41728,25.740616,0.7903506,50.839672,61.361835,36.94807,3.790915,0.040223114,1.8669481,0.019506328,0.04872282,-2.4492935982947064e-16,1.0,409.2358,2033-12-31 00:45:01.884,12,0.1992311,56.007298,0,1.263602152694709,1.6002085
28.706291,32.64582,26.198893,0.6864009,49.77986,60.869926,35.896095,3.5524273,0.043259073,2.5674455,0.020062093,0.06541219,0.49999999999999994,0.8660254037844387,409.93866,2034-01-31 00:45:01.884,1,0.23471604,58.79643,0,1.2929164954665746,1.6798979
29.07508,32.40012,26.327063,0.617646,49.93246,59.59081,35.49862,3.2752833,0.0444436,2.5594158,0.020949803,0.06499332,0.8660254037844386,0.5000000000000001,408.89957,2034-02-28 00:45:01.884,2,0.26059058,60.450817,0,1.3263927258523112,1.7271662
29.00943,31.92444,26.118021,0.5791349,48.675213,55.279354,34.367245,2.8215692,0.044685267,2.3167214,0.021592861,0.053599827,1.0,6.123233995736766e-17,409.83286,2034-03-31 00:45:01.884,3,0.2686848,63.08667,0,1.3203706729455154,1.8024763
28.160606,31.037428,24.874836,0.68427545,42.673847,49.72616,32.68835,2.4915419,0.044772748,1.8381257,0.02156187,0.044318922,0.8660254037844387,-0.4999999999999998,413.1467,2034-04-30 00:45:01.884,4,0.27202073,65.08295,0,1.2449265270730359,1.8595128
26.804415,29.959686,22.652475,0.8801897,36.101597,45.210773,29.694048,2.4344962,0.044494048,1.4433059,0.021450229,0.038908403,0.49999999999999994,-0.8660254037844387,415.21082,2034-05-31 00:45:01.884,5,0.27447045,66.417076,0,1.1332306285511988,1.8976307
25.555866,29.058008,20.50967,1.0344025,33.317642,41.234085,26.607634,2.3800473,0.04356571,1.3517877,0.02181057,0.03528945,1.2246467991473532e-16,-1.0,415.80756,2034-06-30 00:45:01.884,6,0.26246396,65.84041,0,1.0392815894361112,1.8811545
24.810335,28.367332,19.902369,1.1350061,34.792477,41.306793,27.343206,2.3768075,0.042985994,1.5238107,0.022899147,0.034711294,-0.4999999999999997,-0.8660254037844388,415.98962,2034-07-31 00:45:01.884,7,0.25668004,64.137436,0,0.986939462779022,1.8324982
24.606876,28.186367,20.274433,1.1363257,40.815105,46.765278,29.526424,2.331299,0.041638758,1.3748652,0.023594884,0.032960024,-0.8660254037844385,-0.5000000000000004,413.55945,2034-08-31 00:45:01.884,8,0.23213956,61.87811,0,0.9731186330321386,1.767946
24.786766,28.665804,22.020252,0.93330705,48.643414,52.904987,33.51203,2.6530128,0.039227538,1.1741191,0.023129355,0.030550346,-1.0,-1.8369701987210297e-16,410.90607,2034-09-30 00:45:01.884,9,0.20229496,57.40638,0,0.9853284372164812,1.6401823
25.554867,29.407942,23.480598,0.8147118,54.422615,58.205696,36.526226,3.1253388,0.03895596,1.005795,0.022269718,0.026157781,-0.8660254037844386,0.5000000000000001,409.0743,2034-10-31 00:45:01.884,10,0.2200825,57.647243,0,1.0392096264548507,1.6470641
26.66456,30.420485,24.528734,0.8110817,56.287956,60.741226,38.493095,3.4251513,0.0392009,0.7937365,0.021809276,0.02554178,-0.5000000000000004,0.8660254037844384,408.83737,2034-11-30 00:45:01.884,11,0.18249609,55.781364,1,1.122298154993304,1.5937532
27.627235,31.098333,25.31133,0.82569987,55.50656,61.502842,39.10257,3.5966241,0.038953297,0.499573,0.021505944,0.026190497,-2.4492935982947064e-16,1.0,407.92993,2034-12-31 00:45:01.884,12,0.18128294,55.127842,1,1.1997414236605175,1.5750812
28.355324,31.832132,25.733725,0.7985528,53.452824,60.72605,37.609184,3.5114772,0.039928645,0.8204484,0.021557309,0.030064251,0.49999999999999994,0.8660254037844387,409.65332,2035-01-31 00:45:01.884,1,0.20621964,55.755386,0,1.2618429828032904,1.593011
28.93281,32.347897,25.909327,0.73075444,50.318157,59.050175,35.404766,3.1824112,0.04209986,1.7202666,0.021841733,0.042376723,0.8660254037844386,0.5000000000000001,411.596,2035-02-28 00:45:01.884,2,0.23692049,58.79249,0,1.3133769126575763,1.6797854
28.809055,32.177807,25.6881,0.69065166,48.13378,55.787075,34.55693,2.858715,0.04335896,2.0550225,0.022284979,0.04645019,1.0,6.123233995736766e-17,412.20438,2035-03-31 00:45:01.884,3,0.24490876,61.886597,0,1.3021588922316956,1.7681885
28.030825,31.515963,24.701849,0.7003635,44.599266,51.643955,33.030415,2.6399822,0.043317877,1.7307004,0.022232046,0.042902928,0.8660254037844387,-0.4999999999999998,414.27304,2035-04-30 00:45:01.884,4,0.26001614,63.305386,0,1.233777720930025,1.8087254
26.825909,30.556622,22.934368,0.84398055,39.115196,46.885906,29.85729,2.4716392,0.0431363,1.1417226,0.022057267,0.037963565,0.49999999999999994,-0.8660254037844387,416.39096,2035-05-31 00:45:01.884,5,0.25841478,63.08718,0,1.1349202311414506,1.8024908
25.663017,29.992079,20.80943,1.0685096,35.716393,43.524292,26.62242,2.463769,0.042415753,0.9277448,0.021895658,0.031056281,1.2246467991473532e-16,-1.0,415.96698,2035-06-30 00:45:01.884,6,0.2576936,64.40098,0,1.0470292164536132,1.8400279
25.234556,29.871937,20.165653,1.2030984,36.19274,43.400604,25.723396,2.4169025,0.04177028,0.79519475,0.02204746,0.029498382,-0.4999999999999997,-0.8660254037844388,417.67807,2035-07-31 00:45:01.884,7,0.23928769,62.68973,0,1.01639106643666,1.7911352
25.118076,29.813812,20.531557,1.1957915,41.02353,47.22536,27.303164,2.5419812,0.040346432,0.6970101,0.022180852,0.028185222,-0.8660254037844385,-0.5000000000000004,416.91016,2035-08-31 00:45:01.884,8,0.20937459,57.518864,0,1.0082179884475193,1.6433961
25.301662,29.869179,21.478727,1.0657257,46.68195,51.645645,30.573872,2.602854,0.03900251,0.9031377,0.022086222,0.029830474,-1.0,-1.8369701987210297e-16,413.86133,2035-09-30 00:45:01.884,9,0.20460923,57.838295,0,1.0211297541631177,1.6525227
26.14124,30.601162,23.26225,0.9382868,51.970894,56.910656,35.522343,2.6947196,0.038800955,1.2524891,0.021833101,0.031117361,-0.8660254037844386,0.5000000000000001,410.51297,2035-10-31 00:45:01.884,10,0.20176506,56.752193,0,1.0823176660024418,1.6214912
27.356907,31.528135,24.303265,0.9270151,54.22821,60.204964,37.96889,2.9915354,0.039222967,1.1480346,0.021481093,0.03028214,-0.5000000000000004,0.8660254037844384,409.9695,2035-11-30 00:45:01.884,11,0.19404688,55.439243,1,1.1774703241720572,1.5839784
27.986147,32.177143,24.903526,0.9721977,52.26436,60.140736,37.239788,3.2005818,0.03948369,0.94246924,0.020950366,0.0306934,-2.4492935982947064e-16,1.0,409.8214,2035-12-31 00:45:01.884,12,0.19802643,54.78218,1,1.2299628151952344,1.5652052
28.589499,32.85085,25.456898,0.9770638,48.19394,59.678474,33.388966,3.5682478,0.039651204,1.137072,0.020038567,0.033565998,0.49999999999999994,0.8660254037844387,410.0076,2036-01-31 00:45:01.884,1,0.19727315,56.89271,1,1.2824920653054,1.625506
